ID,Name,Glottocode,Glottolog_Name,ISO639P3code,Macroarea,Latitude,Longitude,Family,LocalID,Dialect
idi,Idi,nucl1597,Idi,idi,Papunesia,,,Pahoturi,1,
taeme,Taeme,tame1238,Taeme,idi,Papunesia,,,Pahoturi,2,
nen,Nen,nenn1238,Nen,nqn,Papunesia,-8.62183,142.032,Yam,3,
suki,Suki,suki1245,Suki,sui,Papunesia,-8.04783,141.842,Suki-Gogodala,4,
kayardild,Kayardild,kaya1319,Kayardild,gyd,Australia,-17.0695,139.489,Tangkic,5,
neme,Neme,neme1244,Neme,nex,Papunesia,-8.44877,141.849,Yam,6,
nambu,Nambu,namb1293,Nambo,ncm,Papunesia,-8.74501,141.931,Yam,7,
lardil,Lardil,lard1243,Lardil,lbz,Australia,-16.56152,139.4343,Tangkic,8,
dalabon,Dalabon,ngal1292,Ngalkbun,ngk,Australia,-13.9783,133.936,Gunwinyguan,9,
ngkntra,Ngkolmpu,ngka1235,Ngkontar Ngkolmpu,kcd,Papunesia,-8.87044,140.818,Yam,10,
tamil,Tamil,tami1289,Tamil,tam,Eurasia,10.520219,78.825989,Dravidian,11,
kannada,Kannada,nucl1305,Kannada,kan,Eurasia,13.5878,76.1198,Dravidian,12,
bininj-gun-wok,Bininj Gun-wok,gunw1252,Bininj Kun-Wok,gup,Australia,-12.3398,133.358,Gunwinyguan,13,
ngalakan,Ngalakan,ngal1293,Ngalakgan,nig,Australia,-14.4281,134.716,Gunwinyguan,14,
rembarrnga,Rembarrnga,remb1249,Rembarrnga,rmb,Australia,-12.9608,134.308,Gunwinyguan,15,
ngiyambaa,Ngiyambaa,wang1291,Ngiyambaa,wyb,Australia,-30.6481,146.18,Pama-Nyungan,16,
djapu,Djapu,dhuw1249,Dhuwal,duj,Australia,-12.7825,136.008,Pama-Nyungan,17,
warta-thundai,Warta Thundai,gunt1241,Warta Thuntai,gnt,Papunesia,-8.80806,141.253,Yam,18,
paamese,Paamese,paam1238,Paama,pma,Papunesia,-16.47548,168.23693,Austronesian,19,
samoan,Samoan,samo1305,Samoan,smo,Papunesia,-13.92,-171.83,Austronesian,20,
russian,Russian,russ1263,Russian,rus,Eurasia,59.0,50.0,Indo-European,21,
german,German,stan1295,German,deu,Eurasia,48.649,12.4676,Indo-European,22,
toqabaqita,Toqabaqita,toab1237,To'abaita,mlu,Papunesia,-8.39233,160.619,Austronesian,23,
italian,Italian,ital1282,Italian,ita,Eurasia,43.0464,12.6489,Indo-European,24,
boumaa-fijian,Boumaa Fijian,fiji1243,Fijian,fij,Papunesia,-18.0,178.33,Austronesian,25,
aneityum,Aneityum,anei1239,Aneityum,aty,Papunesia,-20.1864,169.825,Austronesian,26,
komnzo,Komnzo,komn1238,Kómnjo,,Papunesia,-8.70216,141.5878,Yam,27,
mblafe,Mblafe,mbla1238,Mblafe,,Papunesia,,,Yam,28,
kunja-bondobol,Kunja (Bondobol),kunj1246,Kánchá,pep,Papunesia,-8.92289,141.424,Yam,29,
latin,Latin,lati1261,Latin,lat,Eurasia,41.9026,12.4502,Indo-European,31,
dutch,Dutch,dutc1256,Dutch,nld,Eurasia,52.0,5.0,Indo-European,32,
ungarinyin,Ungarinyin,ngar1284,Ngarinyin,ung,Australia,-16.4006,126.433,Worrorran,33,
maranunggu,Maranunggu,mara1386,Maranunggu,zmr,Australia,-13.6754,130.12,Western Daly,34,
malak-malak,Malak-Malak,mull1237,Mullukmulluk,mpb,Australia,-13.427,130.664,Northern Daly,36,
kalkutungu,Kalkutungu,kalk1246,Kalkutung,ktg,Australia,-21.0,139.5,Pama-Nyungan,37,
ritharngu,Ritharngu,rita1239,Ritarungo,rit,Australia,-13.4559,135.259,Pama-Nyungan,38,
garlali,Garlali,kala1380,Bulloo River,gll,Australia,-28.136,143.929,Pama-Nyungan,39,
paakantyi,Paakantyi,darl1243,Paakantyi,drl,Australia,-32.7021,142.695,Pama-Nyungan,40,
wandarang,Wandarang,wand1263,Wandarang,wnd,Australia,-14.2996,135.705,Mangarrayi-Maran,41,
yuwaalaraay,Yuwaalaraay,gami1243,Yuwaalaraay-Gamilaraay,kld,Australia,-29.9037,149.543,Pama-Nyungan,42,
jaru,Jaru,jaru1254,Jaru,ddj,Australia,-18.3288,128.262,Pama-Nyungan,43,
tyeraity,Tyeraity,tyar1236,Tyaraity,woa,Australia,-12.4868,130.676,Northern Daly,44,
mara,Mara,mara1385,Marra,mec,Australia,-14.7927,134.865,Mangarrayi-Maran,45,
worrorra,Worrorra,worr1237,Worrorra,wro,Australia,-15.612781,124.881218,Worrorran,46,
wilawila,Wilawila,wila1240,Wilawila,wil,Australia,-14.9105,126.6,Worrorran,47,
gambera,Gambera,gamb1251,Gambera,gma,Australia,-14.29546,126.27131,Worrorran,48,
yawijibaya,Yawijibaya,yawi1239,Yawijibaya,jbw,Australia,-15.348087,124.529665,Worrorran,49,
yindjibarndi,Yindjibarndi,yind1247,Yindjibarndi,yij,Australia,-21.5379,117.001,Pama-Nyungan,50,
muruwari,Muruwari,muru1266,Muruwari,zmu,Australia,-28.9618,146.546,Pama-Nyungan,52,
wangkajunga,Wangkajunga,mart1256,Martu Wangka,mpj,Australia,-23.350911655789,123.66842240336,Pama-Nyungan,53,
tolaki,Tolaki,tola1247,Tolaki,lbw,Papunesia,-4.03577,121.888,Austronesian,54,
nyulnyul,Nyulnyul,nyul1247,Nyulnyul,nyv,Australia,-16.9129,122.851,Nyulnyulan,55,
yalarnnga,Yalarnnga,yala1262,Yalarnnga,ylr,Australia,-21.731,139.511,Pama-Nyungan,56,
salako,Salako,kend1254,Kendayan-Belangin,knx,Papunesia,1.47957,109.467,Austronesian,57,
timugon-murut,Timugon Murut,timu1262,Timugon Murut,tih,Papunesia,5.1796,115.826,Austronesian,58,
jingulu,Jingulu,djin1251,Jingulu,jig,Australia,-17.165,133.659,Mirndi,59,
wargamay,Wargamay,warr1255,Warrgamay,wgy,Australia,-18.5468,146.179,Pama-Nyungan,60,
watjarri,Watjarri,waja1257,Wajarri,wbv,Australia,-28.1761,117.153,Pama-Nyungan,61,
inanwatan,Inanwatan,suab1238,Suabo,szp,Papunesia,-2.07971,132.157,Inanwatan,62,
old-church-slavonic,Old Church Slavonic,chur1257,Church Slavic,chu,Eurasia,43.7171,22.8442,Indo-European,63,
bulgarian,Bulgarian,bulg1262,Bulgarian,bul,Eurasia,43.3646,25.047,Indo-European,64,
macedonian,Macedonian,mace1250,Macedonian,mkd,Eurasia,41.5957,21.7932,Indo-European,65,
serbian-croatian,Serbian/Croatian,sout1528,Serbian-Croatian-Bosnian,srp,Eurasia,44.15,18.81,Indo-European,66,
slovene,Slovene,slov1268,Slovenian,slv,Eurasia,46.2543,14.7766,Indo-European,67,
czech,Czech,czec1258,Czech,ces,Eurasia,49.873398,15.10437,Indo-European,68,
slovak,Slovak,slov1269,Slovak,slk,Eurasia,48.545705,18.78479,Indo-European,69,
upper-sorbian,Upper Sorbian,uppe1395,Upper Sorbian,hsb,Eurasia,51.2403,14.4098,Indo-European,70,
lower-sorbian,Lower Sorbian,lowe1385,Lower Sorbian,dsb,Eurasia,51.6621,13.9407,Indo-European,71,
polish,Polish,poli1260,Polish,pol,Eurasia,51.8439,18.6255,Indo-European,72,
cassubian,Cassubian,kash1274,Kashubian,csb,Eurasia,54.2996,18.6163,Indo-European,73,
belorussian,Belorussian,bela1254,Belarusian,bel,Eurasia,53.2307,25.6038,Indo-European,74,
ukrainian,Ukrainian,ukra1253,Ukrainian,ukr,Eurasia,49.796,29.945,Indo-European,75,
kwini,Kwini,kwin1241,Kwini,gww,Australia,-14.2515,126.562,Worrorran,76,
enggano,Enggano,engg1245,Enggano,eno,Papunesia,-5.38846,102.245,Austronesian,77,
puyuma,Puyuma,puyu1239,Puyuma,pyu,Papunesia,22.643,120.996,Austronesian,78,
palauan,Palauan,pala1344,Palauan,pau,Papunesia,7.34138,134.476678,Austronesian,79,
spanish,Spanish,stan1288,Spanish,spa,Eurasia,40.4414,-1.11788,Indo-European,80,
klon,Klon,kelo1247,Klon,kyo,Papunesia,-8.40688,124.429,Timor-Alor-Pantar,81,
sardinian,Sardinian,camp1261,Campidanese Sardinian,srd,Eurasia,39.0566,9.03935,Indo-European,82,
rumanian,Rumanian,roma1327,Romanian,ron,Eurasia,46.3913,24.2256,Indo-European,83,
occitan,Occitan,occi1239,Occitan,oci,Eurasia,44.1415,6.82979,Indo-European,84,
french,French,stan1290,French,fra,Eurasia,48.0,2.0,Indo-European,85,
catalan,Catalan,stan1289,Catalan,cat,Eurasia,41.453,1.569,Indo-European,86,
portuguese,Portuguese,port1283,Portuguese,por,Eurasia,39.91,-8.1,Indo-European,87,
gothic,Gothic,goth1244,Gothic,got,Eurasia,46.9304,29.9786,Indo-European,88,
amarasi,Amarasi,amar1273,Amarasi,aaz,Papunesia,-10.21751,123.96373,Austronesian,89,
selepet,Selepet,sele1250,Selepet,spl,Papunesia,-6.03532,147.234,Nuclear Trans New Guinea,91,
danish,Danish,dani1285,Danish,dan,Eurasia,54.8655,9.36284,Indo-European,92,
western-frisian,"Frisian, Western",west2354,Western Frisian,fry,Eurasia,53.143,5.86091,Indo-European,93,
kuku-yalanji,Kuku Yalanji,kuku1273,Kuku-Yalanji,gvn,Australia,-16.0036,145.188,Pama-Nyungan,94,
gooniyandi,Gooniyandi,goon1238,Gooniyandi,gni,Australia,-18.4073,126.351,Bunaban,95,
salt-yui,Salt-Yui,salt1242,Salt-Yui,sll,Papunesia,-6.26519,145.021,Nuclear Trans New Guinea,96,
ngankikurungkurr,Ngankikurungkurr,nang1259,Nangikurrunggurr,nam,Australia,-14.268,131.237,Southern Daly,99,
djinang,Djinang,djin1253,Djinang,dji,Australia,-12.462,134.82,Pama-Nyungan,100,
martuthunira,Martuthunira,mart1255,Martuthunira,vma,Australia,-20.9294,116.607,Pama-Nyungan,101,
wambaya,Wambaya,wamb1258,Wambayan,wmb,Australia,-17.496,135.683,Mirndi,102,
wunambal,Wunambal,wuna1249,Wunambal,wub,Australia,-14.8347,125.72,Worrorran,103,
nyawaygi,Nyawaygi,nyaw1247,Nyawaygi,nyt,Australia,-18.8743,146.216,Pama-Nyungan,104,
wahgi,Wahgi,nucl1620,Wahgi,wgi,Papunesia,-6.11629,144.665,Nuclear Trans New Guinea,105,
chamorro,Chamorro,cham1312,Chamorro,cha,Papunesia,13.438011,144.74474,Austronesian,106,
bislama,Bislama,bisl1239,Bislama,bis,Papunesia,-15.4,166.89,Indo-European,107,
tok-pisin,Tok Pisin,tokp1240,Tok Pisin,tpi,Papunesia,-9.41971,147.303,Indo-European,108,
kristang,Kristang,mala1533,Malacca-Batavia Portuguese Creole,mcm,Eurasia,2.188087,102.262059,Indo-European,109,
bunuba,Bunuba,buna1275,Bunaba,bck,Australia,-17.8297,125.631,Bunaban,110,
ndjebbana,Ndjébbana,djee1236,Djeebbana,djj,Australia,-12.0133,134.097,Maningrida,111,
atampaya,Atampaya,atam1239,Atampaya,amz,Australia,-11.0018,142.273,Pama-Nyungan,112,
angkamuthi,Angkamuthi,angg1238,Angkamuthi,avm,Australia,-11.443,142.242,Pama-Nyungan,113,
yorta-yorta,Yorta Yorta,yort1237,Yorta Yorta,xyy,Australia,-35.9,145.01,Pama-Nyungan,114,
arabana,Arabana,arab1267,Arabana,ard,Australia,-28.705,135.449,Pama-Nyungan,115,
korowai,Korowai,koro1312,Korowai,khe,Papunesia,-5.26952,140.047,Nuclear Trans New Guinea,116,
teiwa,Teiwa,teiw1235,Teiwa,twe,Papunesia,-8.37662,124.174,Timor-Alor-Pantar,117,
usan,Usan,usan1239,Usan,wnu,Papunesia,-4.84265,145.362,Nuclear Trans New Guinea,118,
kobon,Kobon,kobo1249,Kobon,kpw,Papunesia,-5.16446,144.46,Nuclear Trans New Guinea,119,
amele,Amele,amel1241,Amele,aey,Papunesia,-5.29126,145.687,Nuclear Trans New Guinea,120,
tetun-dili,Tetun Dili,tetu1246,Tetun Dili,tdt,Papunesia,-8.58405,125.583,Austronesian,121,
torres-strait-creole,Torres Strait Creole,torr1261,Torres Strait-Lockhart River Creole,tcs,Australia,-11.066,142.692,Indo-European,122,
bayali,Bayali,baya1257,Bayali,bjy,Australia,-24.9793,151.699,Pama-Nyungan,123,
fasu,Fasu,fasu1242,Fasu,faa,Papunesia,-6.62687,143.284,Fasu,124,
nabak,Nabak,naba1256,Nabak,naf,Papunesia,-6.42709,146.966,Nuclear Trans New Guinea,125,
western-dani,Western Dani,west2594,Western Dani,dnw,Papunesia,-3.77127,138.217,Nuclear Trans New Guinea,126,
bunaq,Bunaq,buna1278,Bunak,bfn,Papunesia,-9.13618,125.216,Timor-Alor-Pantar,127,
mian,Mian,mian1256,Mian,mpt,Papunesia,-4.70881,141.523,Nuclear Trans New Guinea,128,
oksapmin,Oksapmin,oksa1245,Oksapmin,opm,Papunesia,-5.20797,142.177,Nuclear Trans New Guinea,129,
yagaria,Yagaria,yaga1260,Yagaria,ygr,Papunesia,-6.32432,145.388,Nuclear Trans New Guinea,130,
mathi-mathi,Mathi-Mathi,madh1244,Madhi Madhi,dmd,Australia,-34.5,143.5,Pama-Nyungan,132,
moken,Moken,moke1242,Moken,mwt,Eurasia,10.1474,98.6765,Austronesian,133,
sunda,Sunda,sund1252,Sundanese,sun,Papunesia,-6.89708,107.106,Austronesian,134,
eipo,Eipo,eipo1242,Eipomek,eip,Papunesia,-4.33691,140.045,Nuclear Trans New Guinea,135,
javanese,Javanese,java1254,Javanese,jav,Papunesia,-7.001,109.287,Austronesian,136,
makassarese,Makassarese,maka1311,Makasar,mak,Papunesia,-5.65551,119.838,Austronesian,137,
madurese,Madurese,nucl1460,Madurese,mad,Papunesia,-7.0,113.0,Austronesian,138,
kombai,Kombai,komb1274,Kombai,tyn,Papunesia,-5.54543,139.902,Nuclear Trans New Guinea,139,
kamoro,Kamoro,kamo1255,Kamoro,kgq,Papunesia,-4.30433,135.883,Nuclear Trans New Guinea,140,
wambon,Wambon,wamb1259,Wambon,wms,Papunesia,-5.44334,140.48,Nuclear Trans New Guinea,141,
sentani,Sentani,nucl1632,Sentani,set,Papunesia,-2.6013,140.512,Sentanic,142,
abui,Abui,abui1241,Abui,abz,Papunesia,-8.31058,124.588,Timor-Alor-Pantar,143,
lampung,Lampung,lamp1243,Lampung Api,ljp,Papunesia,-5.73463,105.037,Austronesian,144,
balinese,Balinese,bali1278,Balinese,ban,Papunesia,-8.35714,115.075,Austronesian,145,
tagalog,Tagalog,taga1270,Tagalog,tgl,Papunesia,14.06,121.747,Austronesian,146,
malagasy-plateau,"Malagasy, plateau",plat1254,Plateau Malagasy,plt,Africa,-19.5907,47.1211,Austronesian,147,
idaan,Ida'an,idaa1241,Ida'an,dbj,Papunesia,5.29059,118.515,Austronesian,148,
rukai,Rukai,ruka1240,Rukai,dru,Papunesia,22.7738,120.844,Austronesian,149,
atayal,Atayal,atay1247,Atayal,tay,Papunesia,24.5209,121.388,Austronesian,150,
bunun,Bunun,bunu1267,Bunun,bnn,Papunesia,23.4116,121.025,Austronesian,151,
kala-lagaw-ya,Kala Lagaw Ya,kala1377,Kala Lagaw Ya,mwp,Australia,-10.6748,142.196,Pama-Nyungan,152,
siraya,Siraya,sira1267,Sirayaic,fos,Papunesia,22.9777,120.315,Austronesian,153,
paiwan,Paiwan,paiw1248,Paiwan,pwn,Papunesia,22.3271,120.806,Austronesian,154,
amis,Amis,amis1246,Amis,ami,Papunesia,23.0917,121.348,Austronesian,155,
taroko,Taroko,taro1264,Seediq,trv,Papunesia,23.9032,121.358,Austronesian,156,
thao,Thao,thao1240,Thao,ssf,Papunesia,23.8333,120.93,Austronesian,157,
bugis,Bugis,bugi1244,Buginese,bug,Papunesia,-4.47,119.977,Austronesian,158,
adang,Adang,adan1251,Adang,adn,Papunesia,-8.18958,124.448,Timor-Alor-Pantar,159,
mauwake,Mauwake,mauw1238,Mauwake,mhl,Papunesia,-4.52416,145.394,Nuclear Trans New Guinea,160,
tainae,Tainae,tain1253,Tainae,ago,Papunesia,-7.40306,145.682,Angan,161,
makalero,Makalero,maka1316,Makasae-Makalero,mkz,Papunesia,-8.65843,126.507,Timor-Alor-Pantar,162,
moskona,Moskona,mosk1236,Moskona,mtj,Papunesia,-1.62201,133.145,East Bird's Head,163,
biak,Biak,biak1248,Biak,bhw,Papunesia,-0.9523,135.879,Austronesian,164,
loniu,Loniu,loni1238,Loniu,los,Papunesia,-2.06124,147.35,Austronesian,165,
dehu,Dehu,dehu1237,Dehu,dhv,Papunesia,-20.8892,167.229,Austronesian,167,
satawalese,Satawalese,sata1237,Satawalese,stw,Papunesia,7.36084,147.038,Austronesian,168,
mafea,Mafea,mafe1237,Mafea,mkv,Papunesia,-15.4316,167.241,Austronesian,169,
longgu,Longgu,long1395,Longgu,lgu,Papunesia,-9.75258,160.663,Austronesian,170,
lovono,Lovono,vano1237,Lovono,vnk,Papunesia,-11.6107,166.7984,Austronesian,171,
tanema,Tanema,tane1237,Tanema,tnx,Papunesia,-11.68,166.97,Austronesian,172,
teanu,Teanu,tean1237,Teanu,tkw,Papunesia,-11.6752,166.868,Austronesian,173,
tobati,Tobati,toba1266,Tobati,tti,Papunesia,-2.56434,140.71,Austronesian,174,
cebuano,Cebuano,cebu1242,Cebuano,ceb,Papunesia,8.38799,124.367,Austronesian,175,
muna,Muna,muna1247,Muna,mnb,Papunesia,-5.40419,122.541,Austronesian,177,
tukang-besi,Tukang Besi,tuka1248,Tukang Besi North,khc,Papunesia,-5.30994,123.578,Austronesian,178,
kodeoha,Kodeoha,kode1237,Kodeoha,vko,Papunesia,-3.39566,120.937,Austronesian,179,
limilngan,Limilngan,nucl1327,Limilngan,lmc,Australia,-12.4294,131.845,Limilngan-Wulna,180,
bunganditj,Bunganditj,bung1264,Bunganditj,xbg,Australia,-36.5,140.5,Pama-Nyungan,181,
warrnambool,Warrnambool,gund1249,Kurnkopanut,gjm,Australia,,,Pama-Nyungan,182,
duna,Duna,duna1248,Duna,duc,Papunesia,-5.41439,142.475,Duna,183,
yulparija,Yulparija,mart1256,Martu Wangka,mpj,Australia,-23.350911655789,123.66842240336,Pama-Nyungan,184,
gurindji,Gurindji,guri1247,Gurindji,gue,Australia,-17.0329,130.379,Pama-Nyungan,185,
menya,Menya,meny1245,Menya,mcr,Papunesia,-7.17425,146.071,Angan,187,
ngandi,Ngandi,ngan1295,Ngandi,nid,Australia,-12.8448,134.649,Gunwinyguan,188,
garrwa,Garrwa,gara1269,Garrwa,wrk,Australia,-17.4504,137.72014,Garrwan,189,
gaagudju,Gaagudju,gaga1251,Gaagudju,gbu,Australia,-12.5176,132.643,Gaagudju,190,
sanskrit,Sanskrit,sans1269,Sanskrit,san,Eurasia,20.0,77.0,Indo-European,191,
maklew,Maklew,makl1246,Maklew,mgf,Papunesia,-7.74424,139.273,Bulaka River,192,
yelmek,Yelmek,yelm1242,Southern Yelmek,jel,Papunesia,-7.93,139.32,Bulaka River,193,
malayalam,Malayalam,mala1464,Malayalam,mal,Eurasia,9.59208,76.7651,Dravidian,194,
meyah,Meyah,meya1236,Meyah,mej,Papunesia,-1.18016,133.618,East Bird's Head,195,
manikion,Manikion,mani1235,Sougb,mnx,Papunesia,-1.49611,133.95,East Bird's Head,196,
burmeso,Burmeso,burm1264,Burmeso,bzu,Papunesia,-2.47582,138.203,Burmeso,197,
isaka,I'saka,kris1246,I'saka,ksi,Papunesia,-2.80084,141.303,Sko,198,
skou,Skou,nucl1634,Skou,skv,Papunesia,-2.64378,140.902,Sko,199,
warapu,Warapu,wara1302,Bauni,wra,Papunesia,-3.07263,142.012,Sko,201,
vanimo,Vanimo,vani1248,Vanimo,vam,Papunesia,-2.68501,141.258,Sko,202,
bukiyip,Bukiyip,buki1249,Bukiyip,ape,Papunesia,-3.47169,143.111,Nuclear Torricelli,203,
mufian,Mufian,mufi1238,Mufian,aoj,Papunesia,-3.57932,142.955,Nuclear Torricelli,204,
kombio,Kombio,komb1272,Kombio,xbi,Papunesia,-3.48467,142.694,Nuclear Torricelli,205,
kamasau,Kamasau,kama1367,Kamasau,kms,Papunesia,-3.8503,143.842,Nuclear Torricelli,206,
au,Au,auuu1241,Au,avt,Papunesia,-3.53277,142.105,Nuclear Torricelli,207,
urim,Urim,urim1252,Urim,uri,Papunesia,-3.58018,142.653,Nuclear Torricelli,208,
naasioi,Naasioi,naas1242,Naasioi,nas,Papunesia,-6.46022,155.632,South Bougainville,209,
koromira,Koromira,koro1313,Koromira,kqj,Papunesia,-6.39399,155.742,South Bougainville,210,
terei,Terei,tere1278,Terei,buo,Papunesia,-6.70051,155.745,South Bougainville,211,
siwai,Siwai,siwa1245,Siwai,siw,Papunesia,-6.6429,155.452,South Bougainville,212,
sibe,Sibe,sibe1248,Sibe (Nasioi),nco,Papunesia,-6.43149,155.412,South Bougainville,213,
english,English,stan1293,English,eng,Eurasia,53.0,-1.0,Indo-European,214,
rapoisi,Rapoisi,rapo1238,Rapoisi,kyx,Papunesia,-5.78724,154.834,North Bougainville,215,
rotokas,Rotokas,roto1249,Rotokas,roo,Papunesia,-5.94339,155.154,North Bougainville,216,
abau,Abau,abau1245,Abau,aau,Papunesia,-3.97222,141.324,Sepik,217,
sepik-iwam,Sepik Iwam,sepi1255,Sepik Iwam,iws,Papunesia,-4.30928,142.117,Sepik,218,
mende,Mende,mend1268,Mende (Papua New Guinea),sim,Papunesia,-3.67233,142.683,Sepik,219,
kwoma,Kwoma,kwom1262,Kwoma,kmo,Papunesia,-4.08721,142.664,Sepik,220,
awtuw,Awtuw,awtu1239,Awtuw,kmn,Papunesia,-3.53129,141.928,Sepik,221,
kapriman,Kapriman,kapr1245,Kapriman,dju,Papunesia,-4.51011,143.241,Sepik,222,
alamblak,Alamblak,alam1246,Alamblak,amp,Papunesia,-4.66307,143.316,Sepik,223,
hewa,Hewa,hewa1241,Hewa,ham,Papunesia,-5.03635,142.551,Sepik,224,
yessan-mayo,Yessan-Mayo,yess1239,Yessan-Mayo,yss,Papunesia,-4.15721,142.574,Sepik,225,
mehek,Mehek,mehe1243,Mehek,nux,Papunesia,-3.70927,142.498,Sepik,226,
namia,Namia,nami1256,Namia,nnm,Papunesia,-3.85538,141.788,Sepik,227,
yahadian,Yahadian,yaha1248,Yahadian,ner,Papunesia,-1.94317,132.096,Konda-Yahadian,228,
puragi,Puragi,pura1253,Puragi,pru,Papunesia,-2.05779,132.304,South Bird's Head Family,229,
kokoda,Kokoda,koko1265,Kokoda,xod,Papunesia,-2.12872,132.449,South Bird's Head Family,230,
mansim,Mansim,hata1243,Hatam,had,Papunesia,-1.13531,134.037,Hatam-Mansim,231,
hatam,Hatam,hata1243,Hatam,had,Papunesia,-1.13531,134.037,Hatam-Mansim,232,
toaripi,Toaripi,toar1246,Toaripi,tqo,Papunesia,-8.07231,146.206,Eleman,233,
orokolo,Orokolo,orok1267,Orokolo,oro,Papunesia,-7.81309,145.34,Eleman,234,
fuyug,Fuyug,fuyu1242,Fuyug,fuy,Papunesia,-8.6371,147.312,Goilalan,235,
biangai,Biangai,bian1252,Biangai,big,Papunesia,-7.33882,146.765,Goilalan,236,
kunimaipa,Kunimaipa,kuni1267,Kunimaipa,kup,Papunesia,-8.09371,146.908,Goilalan,237,
kaki-ae,Kaki Ae,kaki1249,Kaki Ae,tbd,Papunesia,-7.9946,145.816,Kaki Ae,238,
kamula,Kamula,kamu1260,Kamula,xla,Papunesia,-7.28798,142.639,Kamula-Elevala,239,
kiwai-northeast,"Kiwai, Northeast",nort2930,Northeast Kiwai,kiw,Papunesia,-7.39215,144.667,Kiwaian,240,
kiwai-southern,"Kiwai, Southern",sout2949,Southern Kiwai,kjd,Papunesia,-8.64889,143.244,Kiwaian,241,
koitabu,Koitabu,koit1244,Koitabu,kqi,Papunesia,-9.36877,147.079,Koiarian,242,
wipim,Wipim,wipi1242,Wipi,gdr,Papunesia,-8.79741,143.064,Eastern Trans-Fly,243,
meriam,Meriam,meri1244,Meriam,ulk,Papunesia,-9.59575,143.773,Eastern Trans-Fly,244,
kalam,Kalam,kala1397,Kalam,kmh,Papunesia,-5.25216,144.585,Nuclear Trans New Guinea,245,
takia,Takia,taki1248,Takia,tbc,Papunesia,-4.69057,145.975,Austronesian,246,
waskia,Waskia,wask1241,Waskia,wsk,Papunesia,-4.57978,145.979,Nuclear Trans New Guinea,247,
nakanai,Nakanai,naka1262,Nakanai,nak,Papunesia,-5.59931,150.888,Austronesian,248,
mandarin,Mandarin,mand1415,Mandarin Chinese,cmn,Eurasia,40.0209,116.228,Sino-Tibetan,249,
awiakay,Awiakay,zyud1238,Zyuzdin,,Eurasia,,,Uralic,250,
hindi,Hindi,hind1269,Hindi,hin,Eurasia,25.0,77.0,Indo-European,251,
dzongkha,Dzongkha,dzon1239,Dzongkha,dzo,Eurasia,27.410786,89.581604,Sino-Tibetan,252,
kurtop,Kurtöp,kurt1248,Kurtokha,xkz,Eurasia,27.5365,90.9822,Sino-Tibetan,253,
lelepa,Lelepa,lele1267,Lelepa,lpa,Papunesia,-17.6042,168.202,Austronesian,254,
standard-arabic,Standard Arabic,stan1318,Standard Arabic,arb,Eurasia,27.9625,43.8525,Afro-Asiatic,255,stan1318
ingush,Ingush,ingu1240,Ingush,inh,Eurasia,43.11,45.03,Nakh-Daghestanian,256,
chadian-spoken-arabic-nigerian,Chadian Spoken Arabic,chad1249,Chadian Arabic,shu,Africa,14.67,13.5,Afro-Asiatic,257,Nigerian
ende,Ende,ende1235,Ende (Papua New Guinea),end,Papunesia,-8.957786,142.240799,Pahoturi,258,
dargwa-icari,Dargwa,darg1241,North-Central Dargwa,dar,Eurasia,42.4257,47.4388,Nakh-Daghestanian,259,Icari
turkish,Turkish,nucl1301,Turkish,tur,Eurasia,39.8667,32.8667,Turkic,260,
angolar,Angolar,ango1258,Angolar,aoa,Africa,0.11438,6.59486,Indo-European,261,
persian-farsi-tehrani,Persian (Farsi),west2369,Western Farsi,pes,Eurasia,32.9,53.3,Indo-European,262,Tehrani
nigerian-pidgin,Nigerian Pidgin,nige1257,Nigerian Pidgin,pcm,Africa,9.65873,4.21068,Indo-European,263,
moroccan-arabic,Moroccan Arabic,moro1292,Moroccan Arabic,ary,Africa,32.5,-7.5,Afro-Asiatic,264,
bantawa,Bantawa,bant1281,Bantawa,bap,Eurasia,27.12147,87.04738,Sino-Tibetan,265,
ndyuka,Ndyuka,ndyu1242,Aukan,djk,South America,4.3126,-54.6419,Indo-European,267,
egyptian-spoken-arabic-cairene,Egyptian Spoken Arabic,egyp1253,Egyptian Arabic,arz,Africa,31.0,31.0,Afro-Asiatic,268,Cairene
koasati,Koasati,koas1236,Koasati,cku,North America,30.4096,-92.709,Muskogean,269,
modern-hebrew,Modern Hebrew,hebr1245,Modern Hebrew,heb,Eurasia,31.1056,35.0179,Afro-Asiatic,270,
north-levantine-arabic-damascene,North Levantine Arabic,nort3139,North Levantine Arabic,apc,Eurasia,34.1709,36.0468,Afro-Asiatic,271,Damascene
mbugu-inner,Mbugu,mbug1240,Mbugu,mhd,Africa,-4.72863,38.3519,Atlantic-Congo,272,Inner
mbugu-normal,Mbugu,mbug1240,Mbugu,mhd,Africa,-4.72863,38.3519,Atlantic-Congo,273,Normal
abkhaz,Abkhaz,abkh1244,Abkhaz,abk,Eurasia,43.056218,41.159115,Abkhaz-Adyge,274,
sunwar-saipu,Sunwar,sunw1242,Sunwar,suz,Eurasia,27.5201,86.2476,Sino-Tibetan,275,Saipu
basque-standard,Basque,basq1248,Basque,eus,Eurasia,43.2787,-1.31622,Basque,276,Standard
tschangla,Tshangla,tsha1245,Tshangla,tsj,Eurasia,27.3694,91.7741,Sino-Tibetan,277,
lepcha,Lepcha,lepc1244,Lepcha,lep,Eurasia,27.0869,88.5726,Sino-Tibetan,278,
gulf-arabic,Gulf Arabic,gulf1241,Gulf Arabic,afb,Eurasia,30.17,47.5,Afro-Asiatic,279,
somali,Somali,soma1255,Somali,som,Africa,4.778704,45.152856,Afro-Asiatic,280,
tuvaluan,Tuvaluan,tuva1244,Tuvalu,tvl,Papunesia,-8.520813,179.198088,Austronesian,281,
savosavo,Savosavo,savo1255,Savosavo,svs,Papunesia,-9.12853,159.814,Savosavo,282,
chimariko,Chimariko,chim1301,Chimariko,cid,North America,41.0,-123.0,Chimariko,283,
bullom-so,Bullom So,bull1247,Bullom So,buy,Africa,9.0,-13.16,Atlantic-Congo,284,
old-hittite,Old Hittite,hitt1242,Hittite,oht,Eurasia,40.0,35.0,Indo-European,285,
manchu,Manchu,manc1252,Manchu,mnc,Eurasia,47.31225,126.55713,Tungusic,286,
totonac-misantla,Totonac,yecu1235,Yecuatla Totonac,tlc,North America,20.1765,-96.8741,Totonacan,287,Misantla
kwaza,Kwaza,kwaz1243,Kwaza,xwa,South America,-11.6667,-61.1833,Kwaza,288,
wappo,Wappo,wapp1239,Wappo,wao,North America,38.25,-122.5,Yuki-Wappo,289,
ao-naga,Ao Naga,aona1235,Ao Naga,njo,Eurasia,26.3241,94.3824,Sino-Tibetan,290,Mongsen
kurukh,Kurukh,kuru1302,Indian Kurux,kru,Eurasia,24.4644,86.4657,Dravidian,291,
brahui,Brahui,brah1256,Brahui,brh,Eurasia,29.04,66.56,Dravidian,292,
arbore,Arbore,arbo1245,Arbore,arv,Africa,4.92183,36.7986,Afro-Asiatic,293,
koya,Koya,koya1251,Koya,kff,Eurasia,17.6772,81.2096,Dravidian,294,
hausa,Hausa,haus1257,Hausa,hau,Africa,11.1513,8.7804,Afro-Asiatic,295,
iraqw,Iraqw,iraq1241,Iraqw,irk,Africa,-4.19948,35.2939,Afro-Asiatic,297,
slavey,Slavey,slav1253,Slave,den,North America,,,Athabaskan-Eyak-Tlingit,298,
finnish,Finnish,finn1318,Finnish,fin,Eurasia,64.7628,25.5577,Uralic,299,
adamawa-fulani,Adamawa Fulani,adam1253,Adamawa Fulfulde,fub,Africa,8.140326,13.077338,Atlantic-Congo,300,
maithili,Maithili,mait1250,Maithili,mai,Eurasia,26.3817,86.2211,Indo-European,301,
sarcee,Sarcee,sars1236,Sarsi,srs,North America,50.8822,-114.301,Athabaskan-Eyak-Tlingit,302,
khmer-central,Khmer,cent1989,Central Khmer,khm,Eurasia,12.0515,105.015,Austroasiatic,303,Central
anong,Anong,nung1282,Nung (Myanmar),nun,Eurasia,27.2887,98.7333,Sino-Tibetan,304,
swedish,Swedish,swed1254,Swedish,swe,Eurasia,59.800634,17.389526,Indo-European,306,
hungarian,Hungarian,hung1274,Hungarian,hun,Eurasia,46.9068585714,19.6555271429,Uralic,307,
cupeno,Cupeño,cupe1243,Cupeño,cup,North America,33.3148,-116.515,Uto-Aztecan,308,
morisyen,Morisyen,mori1278,Morisyen,mfe,Africa,-20.2613,57.5517,Indo-European,309,
warao,Warao,wara1303,Warao,wba,South America,7.50851,-59.3528,Warao,310,
jamamadi-jarawara,Jamamadí,jama1261,Madi,jaa,South America,-7.62223,-66.5662,Arawan,311,Jarawara
crow,Crow,crow1244,Crow,cro,North America,45.368,-107.874,Siouan,312,
inuktitut-west-greenlandic,Inuktitut,kala1399,Kalaallisut,kal,North America,69.3761,-52.864,Eskimo-Aleut,313,West Greenlandic
pipil,Pipil,pipi1250,Pipil,ppl,North America,13.8931,-89.443,Uto-Aztecan,314,
kaingang,Kaingang,kain1272,Kaingang,kgp,South America,-27.7671,-52.5394,Nuclear-Macro-Je,315,
pashto-northern,Pashto,nort2646,Northern Pashto,pbu,Eurasia,34.0,71.33,Indo-European,316,Northern
ngarinman-bilinara-pilinara,Ngarinman,ngar1235,Ngarinman,nbj,Australia,-15.4661,130.651,Pama-Nyungan,317,Bilinara (Pilinara)
hixkaryana,Hixkaryána,hixk1239,Hixkaryána,hix,South America,-0.16265,-58.80153,Cariban,318,
anindilyakwa,Anindilyakwa,anin1240,Anindilyakwa,aoi,Australia,-13.99904,136.6415,Gunwinyguan,319,
northern-pumi-northwest-yunnan,Northern Pumi,nort2723,Northern Pumi,pmi,Eurasia,28.6626,101.305,Sino-Tibetan,320,Northwest Yunnan
neverver,Neverver,ling1265,Neverver,lgk,Papunesia,-16.1986,167.499,Austronesian,321,
cantonese,Cantonese,yuec1235,Yue Chinese,yue,Eurasia,23.0,113.0,Sino-Tibetan,322,
warungu,Warungu,waru1264,Warrongo,wrg,Australia,-18.2496,144.37,Pama-Nyungan,323,
kimaghima,Kimaghima,kima1246,Kimaama,kig,Papunesia,-8.01899,138.355,Kolopom,324,
riantana,Riantana,rian1263,Riantana,ran,Papunesia,-7.50746,138.484,Kolopom,325,
ndom,Ndom,ndom1245,Ndom,nqm,Papunesia,-7.93553,138.019,Kolopom,326,
mombum-mso,Mombum,nucl1452,Mombum,mso,Papunesia,-8.27141,138.773,Mombum-Koneraw,327,
mandobo,Mandobo,mand1444,Mandobo Atas,aax,Papunesia,-5.69357,140.624,Nuclear Trans New Guinea,329,
aghu,Aghu,aghu1255,Aghu,ahh,Papunesia,-6.34674,140.043,Nuclear Trans New Guinea,330,
asue-awyu,Asue Awyu,asue1235,Asue Awyu,psa,Papunesia,-5.98341,139.123,Nuclear Trans New Guinea,331,
south-awyu,South Awyu,sout2941,South Awyu,aws,Papunesia,-7.36301,139.538,Nuclear Trans New Guinea,332,
edera-awyu,Edera Awyu,eder1237,Edera Awyu,awy,Papunesia,-7.0038,139.914,Nuclear Trans New Guinea,333,
ute-southern-paiute,Ute-Southern Paiute,utes1238,Ute-Southern Paiute,ute,North America,40.0965,-110.305,Uto-Aztecan,334,
itza,Itza',itza1241,Itzá,itz,North America,17.0269,-89.8734,Mayan,337,
choctaw,Choctaw,choc1276,Choctaw,cho,North America,32.25,-88.5,Muskogean,338,
yimas,Yimas,yima1243,Yimas,yee,Papunesia,-4.71731,143.572,Lower Sepik-Ramu,339,
awa,Awa,awap1236,Awa (Papua New Guinea),awb,Papunesia,-6.65534,145.714,Nuclear Trans New Guinea,340,
usarufa,Usarufa,usar1243,Usarufa,usa,Papunesia,-6.38898,145.633,Nuclear Trans New Guinea,341,
gadsup,Gadsup,gads1258,Gadsup,gaj,Papunesia,-6.31631,145.997,Nuclear Trans New Guinea,342,
tairora-north,"Tairora, North",nort2920,North Tairora,tbg,Papunesia,-6.51563,145.959,Nuclear Trans New Guinea,343,
gende,Gende,gend1249,Gende,gaf,Papunesia,-5.67528,145.177,Nuclear Trans New Guinea,344,
alekano,Alekano,alek1238,Alekano,gah,Papunesia,-6.03901,145.387,Nuclear Trans New Guinea,345,
badimaya-northern,Badimaya,badi1246,Badimaya,bia,Australia,-29.0647,117.246,Pama-Nyungan,346,Northern
badimaya-southern,Badimaya,badi1246,Badimaya,bia,Australia,-29.0647,117.246,Pama-Nyungan,347,Southern
nhanda,Nhanda,nhan1238,Nhanda,nha,Australia,-27.42523643,114.2680442,Pama-Nyungan,348,
jaminjung,Jaminjung,djam1255,Jaminjung-Ngaliwurru,djd,Australia,-15.0558,130.06,Mirndi,349,
diyari,Diyari,dier1241,Dieri,dif,Australia,-28.1667,138.0,Pama-Nyungan,350,
kele,Kele,kele1258,Kele (Papua New Guinea),sbc,Papunesia,-2.09163,147.064,Austronesian,351,
mussau-emira,Mussau-Emira,muss1246,Mussau-Emira,emi,Papunesia,-1.44105,149.624,Austronesian,352,
sobei,Sobei,sobe1238,Sobei,sob,Papunesia,-1.86998,138.75,Austronesian,353,
kairiru,Kairiru,kair1263,Kairiru,kxa,Papunesia,-3.34608,143.558,Austronesian,354,
arop-lokep,Arop-Lokep,arop1243,Arop-Lokep,apr,Papunesia,-5.31671,147.103,Austronesian,355,
yabem,Yabem,yabe1254,Yabem,jae,Papunesia,-6.67052,147.81,Austronesian,356,
gapapaiwa,Gapapaiwa,gapa1238,Gapapaiwa,pwg,Papunesia,-9.73317,149.854,Austronesian,357,
sudest,Sudest,sude1239,Sudest,tgo,Papunesia,-11.5229,153.488,Austronesian,358,
indonesian-colloquial-jakartan,Indonesian,indo1316,Standard Indonesian,ind,Papunesia,-7.33458,109.716,Austronesian,359,Colloquial Jakartan
south-efate,South Efate,sout2856,South Efate,erk,Papunesia,-17.7006,168.377,Austronesian,360,
kokota,Kokota,koko1269,Kokota,kkk,Papunesia,-8.16481,159.191,Austronesian,361,
mavea,Mavea,mafe1237,Mafea,mkv,Papunesia,-15.4316,167.241,Austronesian,362,
iraqi-arabic,Iraqi Arabic,meso1252,Gilit Mesopotamian Arabic,acm,Eurasia,33.8178,43.1095,Afro-Asiatic,363,
kiowa,Kiowa,kiow1266,Kiowa,kio,North America,34.9403,-98.9042,Kiowa-Tanoan,364,
kaonde,Kaonde,kaon1241,Kaonde,kqn,Africa,-12.4129,25.7646,Atlantic-Congo,365,
mongolian-halh,Mongolian,halh1238,Halh Mongolian,khk,Eurasia,48.32397,106.28874,Mongolic-Khitan,366,Halh
amharic,Amharic,amha1245,Amharic,amh,Africa,11.708182,39.543456,Afro-Asiatic,367,
turkmen,Turkmen,turk1304,Turkmen,tuk,Eurasia,37.08719,59.17574,Turkic,368,
kawaiisu,Kawaiisu,kawa1283,Kawaiisu,xaw,North America,36.0538,-118.679,Uto-Aztecan,369,
tswana,Tswana,tswa1253,Tswana,tsn,Africa,-24.368,24.7587,Atlantic-Congo,370,
yoruba,Yoruba,yoru1245,Yoruba,yor,Africa,7.15345,3.67225,Atlantic-Congo,371,
tauya,Tauya,tauy1241,Tauya,tya,Papunesia,-5.74255,145.366,Nuclear Trans New Guinea,372,
north-marquesan,North Marquesan,nort2845,North Marquesan,mrq,Papunesia,-8.89412,-140.108,Austronesian,373,
kham-western-parbate-takale,Kham (Western Parbate),west2420,Western Parbate Kham,kjl,Eurasia,28.6521,82.7348,Sino-Tibetan,374,Takale
ket,Ket,kett1243,Ket,ket,Eurasia,63.7551,87.5466,Yeniseian,375,
panare,Panare,enap1235,Panare,pbh,South America,6.95035,-65.8483,Cariban,379,
tariana,Tariana,tari1256,Tariana,tae,South America,0.440205,-68.9042,Arawakan,380,
jamaican-creole-english-london,Jamaican Creole English,jama1262,Jamaican Creole English,jam,North America,18.13,-77.2612,Indo-European,381,London
paraguayan-guarani,Paraguayan Guaraní,para1311,Paraguayan Guaraní,gug,South America,-25.60551,-57.08816,Tupian,382,
urdu,Urdu,urdu1245,Urdu,urd,Eurasia,25.0,67.0,Indo-European,383,
berbice-dutch-creole,Berbice Dutch Creole,berb1259,Berbice Creole Dutch,brc,South America,5.3829,-58.0002,Indo-European,384,
saotomense,Sãotomense,saot1239,Sãotomense,cri,Africa,0.28332,6.61935,Indo-European,385,
antigua-and-barbuda-creole-english-north-antiguan,Antigua and Barbuda Creole English,anti1245,Antigua and Barbuda Creole English,aig,North America,17.068263,-61.821863,Indo-European,386,North Antiguan
antigua-and-barbuda-creole-english-south-antiguan,Antigua and Barbuda Creole English,anti1245,Antigua and Barbuda Creole English,aig,North America,17.068263,-61.821863,Indo-European,387,South Antiguan
seselwa-creole-french,Seselwa Creole French,sese1246,Seselwa Creole French,crs,Africa,-4.62314,55.4503,Indo-European,388,
iwaidja,Iwaidja,iwai1244,Iwaidja,ibd,Australia,-11.3379,132.453,Iwaidjan Proper,389,Iwaidja
yukulta,Yukulta,gang1267,Ganggalida,gcd,Australia,-17.5446,139.426,Tangkic,390,
torau,Torau,tora1259,Torau,ttu,Papunesia,-6.19922,155.496,Austronesian,391,
teop,Teop,teop1238,Teop,tio,Papunesia,-5.67474,154.971,Austronesian,392,
bannoni,Bannoni,bann1247,Bannoni,bcm,Papunesia,-6.23061,155.128,Austronesian,393,
mono,Mono,mono1273,Mono-Alu,mte,Papunesia,-7.05102,155.76,Austronesian,394,
cubeo,Cubeo,cube1242,Cubeo,cub,South America,1.32382,-70.1939,Tucanoan,395,
yanomama,Yanomama,yano1262,Yanomám,yma,South America,2.48999,-62.8522,Yanomamic,396,
greek,Greek,mode1248,Modern Greek,ell,Eurasia,38.36,23.13,Indo-European,397,
malay,Malay,mala1479,Central Malay,zlm,Eurasia,1.85856,103.0,Austronesian,398,
rapa-nui,Rapa Nui,rapa1244,Rapanui,rap,Papunesia,-27.113,-109.342,Austronesian,399,
sinaugoro,Sinaugoro,sina1266,Sinaugoro,snc,Papunesia,-9.79791,147.861,Austronesian,400,
big-nambas,Big Nambas,bign1238,Big Nambas,nmb,Papunesia,-16.0903,167.239,Austronesian,402,
ura,Ura,urav1235,Ura (Vanuatu),uur,Papunesia,-18.6747,169.084,Austronesian,403,
french-st-thomas-us-virgin-islands,French,stan1290,French,fra,Eurasia,48.0,2.0,Indo-European,404,"St. Thomas, U.S. Virgin Islands"
huallaga-huanuco-quechua,Huallaga Huánuco Quechua,hual1241,Huallaga Huánuco Quechua,qub,South America,-9.57135,-75.594,Quechuan,405,
ratahan,Ratahan,rata1244,Ratahan,rth,Papunesia,1.07592,124.858,Austronesian,406,
kwamera,Kwamera,kwam1252,Kwamera,tnk,Papunesia,-19.5954,169.442,Austronesian,407,
maori,Maori,maor1246,Maori,mri,Papunesia,-38.2881,176.541,Austronesian,408,
mangarayi,Mangarayi,mang1381,Mangarrayi,mpc,Australia,-14.8,133.5,Mangarrayi-Maran,409,
vaeakau-taumako,Vaeakau-Taumako,pile1238,Vaeakau-Taumako,piv,Papunesia,-10.173335,166.247188,Austronesian,410,
nothern-sotho,Nothern Sotho,pedi1238,Pedi,nso,Africa,-24.7993,29.4718,Atlantic-Congo,411,
mewati,Mewati,mewa1250,Mewati,wtm,Eurasia,27.736,76.947,Indo-European,412,
lingala,Lingala,ling1263,Kinshasa Lingala,lin,Africa,-4.409174,15.28532,Atlantic-Congo,413,
chichewa,Chichewa,nyan1308,Nyanja,nya,Africa,-14.8047,32.8108,Atlantic-Congo,414,
yeyi,Yeyi,yeyi1239,Yeyi,yey,Africa,-18.9178,23.6088,Atlantic-Congo,415,
ekegusii,Ekegusii,gusi1247,Gusii,guz,Africa,-0.78872,34.76751,Atlantic-Congo,416,
dogon-tommo-so,"Dogon, Tommo So",tomm1242,Tommo So Dogon,dto,Africa,14.756,-3.28,Dogon,417,
noon,Noon,noon1242,Noon,snf,Africa,14.792,-16.9205,Atlantic-Congo,420,
sranan,Sranan,sran1240,Sranan Tongo,srn,South America,5.83,-55.33,Indo-European,421,
jarai,Jarai,jara1266,Jarai,jri,Eurasia,13.6161,107.813,Austronesian,423,
daasanach,Daasanach,daas1238,Daasanach,dsh,Africa,4.58879,35.9888,Afro-Asiatic,424,
east-makian-waikyon,East Makian,east2440,East Makian,mky,Papunesia,0.07337,127.423,Austronesian,425,Waikyon
saint-lucian-creole-french,Saint Lucian Creole French,sain1246,Saint Lucian Creole French,acf,North America,15.3947,-61.3641,Indo-European,427,
koromfe,Koromfe,koro1298,Koromfé,kfz,Africa,14.046,-1.96187,Atlantic-Congo,429,
raga,Raga,hano1246,Hano,lml,Papunesia,-15.5432,168.167,Austronesian,430,
abma-suru-mwerani,Abma,apma1240,Apma,app,Papunesia,-15.8559,168.189,Austronesian,431,Suru Mwerani
malecu,Malecu,male1297,Maléku Jaíka,gut,North America,10.7485,-84.7318,Chibchan,432,
guna-san-blas,Guna San Blas,sanb1242,San Blas Kuna,cuk,South America,9.15686,-78.3075,Chibchan,433,
northern-embera,Northern Embera,nort2972,Northern Emberá,emp,South America,7.12761,-77.574,Chocoan,434,
bribri,Bribri,brib1243,Bribri,bzd,North America,9.39794,-83.0539,Chibchan,435,
cabecar,Cabecar,cabe1245,Cabécar,cjp,North America,9.67031,-83.4102,Chibchan,436,
boruca,Boruca,boru1252,Boruca,brn,North America,8.88093,-83.2124,Chibchan,437,
teribe,Teribe,trin1276,Trinidadian Creole English,trf,South America,10.4208,-61.4171,Indo-European,438,
cogui,Cogui,cogu1240,Cogui,kog,South America,10.9485,-73.8043,Chibchan,444,
arhuaco,Arhuaco,arhu1242,Arhuaco,arh,South America,10.7018,-73.6363,Chibchan,445,
chimila,Chimila,chim1309,Chimila,cbg,South America,10.1902,-74.2559,Chibchan,447,
bari,Bari,bari1297,Barí,mot,South America,9.08497,-72.9353,Chibchan,448,
tunebo-central,Tunebo Central,cent2150,Central Tunebo,tuf,South America,6.8867,-72.097,Chibchan,450,
embera-chami,Embera-Chamí,embe1262,Emberá-Chamí,cmi,South America,4.8791,-76.0749,Chocoan,451,
epena,Epena,epen1239,Epena,sja,South America,4.25877,-77.3566,Chocoan,452,
embera-catio,Embera-Catío,embe1260,Emberá-Catío,cto,South America,7.52721,-76.7476,Chocoan,453,
woun-meu,Woun Meu,woun1238,Woun Meu,noa,South America,8.5,-78.0,Chocoan,454,
yagua,Yagua,yagu1244,Yagua,yad,South America,-3.42913,-72.2186,Peba-Yagua,473,
bora,Bora,bora1263,Bora,boa,South America,-2.000259,-72.257066,Boran,474,
awa-cuaiquer,Awa-Cuaiquer,awac1239,Awa-Cuaiquer,kwi,South America,1.21652,-78.3401,Barbacoan,475,
inga,Inga,inga1252,Colombian Inga,inb,South America,1.00313,-76.8606,Quechuan,476,
carijona,Carijona,cari1279,Carijona,cbd,South America,1.21894,-72.0664,Cariban,477,
siona,Siona,sion1247,Siona-Tetete,snn,South America,0.31733,-76.0237,Tucanoan,478,
ocaina,Ocaina,ocai1244,Ocaina,oca,South America,-2.159,-72.1422,Huitotoan,479,
muinane,Muinane,muin1242,Muinane,bmr,South America,-0.8652,-72.4249,Boran,480,
siriano,Siriano,siri1274,Siriano,sri,South America,0.436515,-70.184,Tucanoan,481,
tuyuca,Tuyuca,tuyu1244,Tuyuca,tue,South America,0.39441,-70.043515,Tucanoan,482,
yuruti,Yurutí,yuru1263,Yurutí,yui,South America,0.735585,-69.6955,Tucanoan,483,
macaguan,Macaguán,maca1259,Macaguán,mbn,South America,6.34582,-71.2671,Guahiboan,484,
achagua,Achagua,acha1250,Achagua,aca,South America,4.38649,-72.2005,Arawakan,485,
curripaco,Curripaco,curr1243,Curripaco,kpc,South America,0.69618,-67.5028,Arawakan,486,
piapoco,Piapoco,piap1246,Piapoco,pio,South America,4.37718,-68.5953,Arawakan,487,
piaroa,Piaroa,piar1243,Piaroa,pid,South America,4.41805,-67.7574,Saliban,488,
wayuu,Wayuu,wayu1243,Wayuu,guc,South America,11.395566,-72.199791,Arawakan,489,
bare,Baré,bare1276,Baré,bae,South America,1.91649,-66.828,Arawakan,490,
embera-baudo,Emberá-Baudó,embe1259,Emberá-Baudó,bdc,South America,5.2824,-76.32548,Chocoan,491,
nadeb,Nadëb,nade1244,Nadëb,mbj,South America,-1.24449,-66.3068,Naduhup,492,
daw,Dâw,daww1239,Dâw,kwa,South America,-0.1177,-67.2934,Naduhup,493,
yuhup,Yuhup,yuhu1238,Yuhup,yab,South America,0.2485,-69.8079,Naduhup,494,
hupde,Hupdë,hupd1244,Hup,jup,South America,0.58622,-69.8359,Naduhup,495,
kakua,Kakua,cacu1241,Kakua,cbv,South America,0.88778,-69.5659,Kakua-Nukak,496,
nukak-maku,Nukak Makú,nuka1242,Nukak Makú,mbr,South America,2.65939,-71.4629,Kakua-Nukak,497,
yucuna,Yucuna,yucu1253,Yucuna,ycn,South America,-0.76075,-71.0033,Arawakan,498,
tsafiki,Tsafiki,colo1256,Tsafiki,cof,South America,-0.21181,-79.2347,Barbacoan,499,
murui-huitoto,Murui Huitoto,muru1274,Murui Huitoto,huu,South America,-1.13669,-73.8331,Huitotoan,500,
kotiria,Kotiria,guan1269,Kotiria,gvc,South America,1.07554,-69.5705,Tucanoan,501,
tinigua,Tinigua,tini1245,Tinigua,tit,South America,2.716,-73.768,Tinigua,502,
cabiyari,Cabiyarí,cabi1241,Cabiyarí,cbb,South America,0.16101,-71.0622,Arawakan,503,
chapalaati,Chachi,chac1249,Cha'palaa,cbi,South America,0.71489,-79.0508,Barbacoan,504,
yukpa,Yukpa,yukp1241,Yukpa,yup,South America,9.67534,-73.0557,Cariban,505,
guahibo,Guahibo,guah1255,Guahibo,guh,South America,5.81736,-68.9839,Guahiboan,506,
guayabero,Guayabero,guay1257,Guayabero,guo,South America,2.8969,-71.844,Guahiboan,507,
camsa,Camsá,cams1241,Camsá,kbh,South America,1.14537,-76.8931,Camsá,508,
resigaro,Resígaro,resi1247,Resígaro,rgr,South America,-1.169535,-71.60524,Arawakan,509,
mandahuaca,Mandahuaca,mand1448,Mandahuaca,mht,South America,1.48,-66.52,Arawakan,510,
guambiano,Guambiano,guam1248,Guambiano,gum,South America,2.55849,-76.582,Barbacoan,511,
saliba,Sáliba,sali1298,Sáliba,slc,South America,5.30115,-69.3843,Saliban,512,
maco,Maco,maco1239,Maco,wpc,South America,4.5621,-66.5813,Saliban,513,
yuwana,Yuwana,yuwa1244,Hoti,yau,South America,5.63879,-65.4267,Hoti,514,
tucano,Tucano,tuca1252,Tucano,tuo,South America,0.579755,-69.5763,Tucanoan,515,
paez,Páez,paez1247,Páez,pbb,South America,2.61516,-76.31254,Páez,516,
shona,Shona,shon1251,Shona,sna,Africa,-17.20849,29.75725,Atlantic-Congo,518,
igbo,Igbo,nucl1417,Igbo,ibo,Africa,4.62705,7.23441,Atlantic-Congo,519,
zulu,Zulu,zulu1248,Zulu,zul,Africa,-28.9,30.2,Atlantic-Congo,520,
balanta-kentohe,Balanta-Kentohe,bala1301,Balanta-Kentohe,ble,Africa,11.8203,-15.3221,Atlantic-Congo,521,
bijago,Bijago,bidy1244,Kanyaki-Kagbaaga-Kajoko Bidyogo,bjg,Africa,11.1097,-16.1497,Atlantic-Congo,522,
west-central-limba,West-Central Limba,west2450,West-Central Limba,lia,Africa,9.52392,-12.3138,Atlantic-Congo,523,
themne,Themne,timn1235,Timne,tem,Africa,8.90294,-12.3331,Atlantic-Congo,524,
baga-sitemu,Baga Sitemu,baga1272,Baga Sitemu,bsp,Africa,10.4793,-14.4756,Atlantic-Congo,525,
nalu,Nalu,nalu1240,Nalu,naj,Africa,11.0397,-14.8188,Atlantic-Congo,527,
sua,Sua,mans1259,Mansoanka,msw,Africa,12.8218,-15.9202,Atlantic-Congo,528,
jola-kasa-husuy,Jola-Kasa,jola1262,Jola-Esulalu,csk,Africa,12.5089,-16.5539,Atlantic-Congo,529,Husuy
kuwaataay-diembering,Kuwaataay,kuwa1246,Kuwaataay,cwt,Africa,12.48255,-16.74835,Atlantic-Congo,530,Diembering
cassanga,Cassanga,kasa1248,Kasanga,ccj,Africa,12.4173,-15.9413,Atlantic-Congo,531,
cobiana,Cobiana,kobi1241,Kobiana,kcj,Africa,13.5269,-14.4527,Atlantic-Congo,532,
banhum,Banhum,bain1259,Bainounk-Gujaher,bab,Africa,12.3128,-16.0586,Atlantic-Congo,533,
biafada,Biafada,biaf1240,Biafada,bif,Africa,11.467,-15.1347,Atlantic-Congo,534,
pajade,Pajade,bady1239,Jaad-Badyara,pbp,Africa,12.6425,-13.4759,Atlantic-Congo,535,
konyagi,Konyagi,wame1240,Wamey,cou,Africa,12.5421,-13.177,Atlantic-Congo,536,
tanda,Tanda,bedi1235,Bedik,tnr,Africa,12.7531,-12.4796,Atlantic-Congo,537,
karon,Karon,karo1294,Karon,krx,Africa,12.9918,-16.7382,Atlantic-Congo,538,
kupang-malay,Kupang Malay,kupa1239,Kupang Malay,mkn,Papunesia,-10.2526,123.63,Austronesian,539,
ndut,Ndut,ndut1239,Ndut,ndv,Africa,14.925,-16.9811,Atlantic-Congo,540,
wolof,Wolof,nucl1347,Wolof,wol,Africa,15.2534,-15.383,Atlantic-Congo,541,
engenni,Engenni,enge1239,Egene,enn,Africa,5.11931,6.37339,Atlantic-Congo,542,
daloa-bete,Daloa Bété,dalo1238,Daloa Bété,bev,Africa,6.69281,-6.63944,Kru,544,
southern-grebo,Southern Grebo,sout2826,Southern Grebo,grj,Africa,4.47607,-7.56872,Kru,545,
ega,Ega,egaa1242,Ega,ega,Africa,5.56081,-5.41732,Atlantic-Congo,546,
ewe,Ewe,ewee1241,Ewe,ewe,Africa,6.46061,0.814975,Atlantic-Congo,547,
aja,Aja,ajab1235,Aja (Benin),ajg,Africa,7.06634,1.64992,Atlantic-Congo,548,
tafi,Tafi,tafi1243,Tafi,tcd,Africa,6.79522,0.39875,Atlantic-Congo,549,
akebu,Akebu,akeb1238,Akebu,keu,Africa,7.78365,0.77668,Atlantic-Congo,550,
tuwuli,Tuwuli,tuwu1238,Tuwuli,bov,Africa,7.31095,0.38008,Atlantic-Congo,551,
adioukrou,Adioukrou,adio1239,Adioukrou,adj,Africa,5.38228,-4.52522,Atlantic-Congo,552,
attie,Attié,atti1239,Attié,ati,Africa,5.9977,-3.8209,Atlantic-Congo,553,
alladian,Alladian,alla1248,Alladian,ald,Africa,5.22371,-4.42647,Atlantic-Congo,554,
ga,Ga,gaaa1244,Ga,gaa,Africa,5.65488,-0.18598,Atlantic-Congo,555,
mbato,Mbato,mbat1247,Mbato,gwa,Africa,5.34421,-3.70421,Atlantic-Congo,556,
lelemi,Lelemi,lele1264,Lelemi,lef,Africa,7.34549,0.50746,Atlantic-Congo,557,
logba,Logba,logb1245,Ikpana,lgq,Africa,6.92838,0.43068,Atlantic-Congo,558,Alakpeti
akan,Akan,akan1250,Akan,aka,Africa,6.34756,-1.33254,Atlantic-Congo,559,
nawuri,Nawuri,nawu1242,Nawuri,naw,Africa,8.45116,0.04947,Atlantic-Congo,560,
krobu,Krobu,krob1245,Krobu,kxb,Africa,5.86161,-4.47739,Atlantic-Congo,561,
abure,Abure,abur1243,Abure,abu,Africa,5.21534,-3.64123,Atlantic-Congo,562,
bakwe,Bakwé,bakw1243,Bakwé,bjw,Africa,5.23123,-6.51077,Kru,563,
banda-ndele,Banda-Ndélé,band1345,Banda-Ndélé,bfl,Africa,8.03339,23.9021,Atlantic-Congo,564,
gbaya-mbodomo,Gbaya-Mbodomo,gbay1281,Gbaya-Mbodomo,gmm,Africa,4.800365,14.606865,Atlantic-Congo,565,
ngbandi,Ngbandi,nort2774,Northern Ngbandi,ngb,Africa,3.56357,21.85251,Atlantic-Congo,566,
mayogo,Mayogo,mayo1261,Mayogo,mdm,Africa,2.79827,27.8282,Atlantic-Congo,567,
zande,Zande,zand1248,Zande,zne,Africa,4.62047,26.7157,Atlantic-Congo,568,
mambay,Mambay,mamb1294,Mambai,mcs,Africa,9.6121,14.0013,Atlantic-Congo,569,
mumuye-zing,Mumuye,nucl1240,Mumuye,mzm,Africa,8.90347,11.71545,Atlantic-Congo,570,Zing
dii-mambe,Dii,diii1241,Dii,dur,Africa,7.77412,13.9884,Atlantic-Congo,571,Mambe'
kolbila,Kolbila,kolb1240,Kolbila,klc,Africa,8.26797,13.2707,Atlantic-Congo,572,
fali,Fali,sout2782,South Fali,fal,Africa,9.51408,13.6164,Atlantic-Congo,573,
tula,Tula,tula1252,Tula,tul,Africa,9.84629,11.52551,Atlantic-Congo,574,
dogon-jamsay,"Dogon, Jamsay",jams1239,Jamsay Dogon,djm,Africa,14.1794,-2.57999,Dogon,575,
buamu,Buamu,buam1238,Buamu,box,Africa,11.1687,-3.50303,Atlantic-Congo,576,
makwe,Makwe,makw1236,Makwe,ymk,Africa,-10.4673,40.0274,Atlantic-Congo,578,
fulfulde-maasina,"Fulfulde, Maasina",maas1239,Maasina Fulfulde,ffm,Africa,11.1324,-3.64763,Atlantic-Congo,579,
konni,Konni,konn1242,Konni,kma,Africa,10.2368,-1.54376,Atlantic-Congo,580,
gourmanchema,Gourmanchéma,gour1243,Gourmanchéma,gux,Africa,11.6711,1.28489,Atlantic-Congo,581,
gangam,Gangam,ngan1299,Ngangam,gng,Africa,10.2523,0.70509,Atlantic-Congo,582,
karaboro-eastern,"Karaboro, Eastern",east2398,Eastern Karaboro,xrb,Africa,10.4987,-4.52253,Atlantic-Congo,583,
senoufo-supyire,"Sénoufo, Supyire",supy1237,Supyire Senoufo,spp,Africa,11.632,-5.87709,Atlantic-Congo,584,
viemo,Viemo,viem1243,Viemo,vig,Africa,10.8429,-3.84128,Atlantic-Congo,585,
toussian-northern,"Toussian, Northern",nort2787,Northern Toussian,tsp,Africa,11.133,-4.88274,Atlantic-Congo,586,
tiefo,Tiéfo,tief1242,Tiefo-Daramandugu,tiq,Africa,10.7184,-4.52619,Atlantic-Congo,587,
wara,Wara,wara1294,Anta-Komnzo-Wára-Wérè-Kémä,wbf,Papunesia,-8.64917,141.52,Yam,588,
kulango-bouna,"Kulango, Bouna",boun1243,Bouna Kulango,nku,Africa,8.46011,-2.74627,Atlantic-Congo,589,
bariba,Bariba,baat1238,Baatonum,bba,Africa,9.63186,2.99607,Atlantic-Congo,590,
lobi,Lobi,lobi1245,Lobi,lob,Africa,9.96122,-3.336,Atlantic-Congo,591,
yom,Yom,pali1273,Pali,pli,Eurasia,24.5271,82.251,Indo-European,592,
farefare,Farefare,fare1241,Farefare,gur,Africa,11.0918,-0.81109,Atlantic-Congo,593,
dagaare,Dagaare,sout2789,Central Dagaare,dga,Africa,10.4226,-2.52265,Atlantic-Congo,594,
mampruli,Mampruli,mamp1244,Mampruli,maw,Africa,10.3884,-0.74675,Atlantic-Congo,595,
nateni,Nateni,nate1242,Nateni,ntm,Africa,10.5191,1.21879,Atlantic-Congo,596,
mbelimbe,Mbelimbe,mbel1240,Mbelime,mql,Africa,10.4532,0.95645,Atlantic-Congo,597,
akpes,Akpes,akpe1248,Akpes,ibe,Africa,7.50256,5.95559,Atlantic-Congo,598,
esan,Esan,esan1238,Esan,ish,Africa,6.25685,6.33917,Atlantic-Congo,599,
samba-daka,Samba Daka,samb1311,Samba Daka,ccg,Africa,8.06905,11.7077,Atlantic-Congo,600,
kwanja-njanga,Kwanja,kwan1276,Kwanja,knp,Africa,6.30293,11.6931,Atlantic-Congo,601,Njanga
nizaa,Nizaa,suga1248,Nizaa,sgi,Africa,7.12906,12.3779,Atlantic-Congo,602,
tikar,Tikar,tika1246,Tikar,tik,Africa,5.87004,11.6104,Atlantic-Congo,603,
kemedzung,Kemedzung,keme1240,Kemezung,dmo,Africa,6.69577,10.4984,Atlantic-Congo,604,
ejagham,Ejagham,ejag1239,Ejagham,etu,Africa,5.54442,8.90959,Atlantic-Congo,605,
izere-fobur,Izere,izer1241,Izere,izr,Africa,9.5,8.7,Atlantic-Congo,606,Fobur
denya,Denya,deny1238,Denya,anv,Africa,5.97237,9.39989,Atlantic-Congo,607,
noone,Noone,noon1243,Noone,nhu,Africa,6.37256,10.5707,Atlantic-Congo,609,
bekwarra,Bekwarra,bekw1241,Bekwarra,bkv,Africa,6.73737,8.86489,Atlantic-Congo,610,
bete-bendi,Bete-Bendi,bete1262,Bete-Bendi,btt,Africa,6.62037,9.20189,Atlantic-Congo,611,
ndoe,Ndoe,ndoe1238,Ndoe,nbb,Africa,6.08134,8.69131,Atlantic-Congo,612,
mungbam-munken,Mungbam,abar1238,Mungbam,mij,Africa,6.5805,10.2267,Atlantic-Congo,613,Munken
mungbam-abar,Mungbam,abar1238,Mungbam,mij,Africa,6.5805,10.2267,Atlantic-Congo,614,Abar
mungbam-biya,Mungbam,abar1238,Mungbam,mij,Africa,6.5805,10.2267,Atlantic-Congo,615,Biya
mungbam-missong,Mungbam,abar1238,Mungbam,mij,Africa,6.5805,10.2267,Atlantic-Congo,616,Missong
mungbam-ngun,Mungbam,abar1238,Mungbam,mij,Africa,6.5805,10.2267,Atlantic-Congo,617,Ngun
arammba-setavi,Arammba,aram1253,Arammba,stk,Papunesia,-8.29593,141.445,Yam,618,Setavi
wara_morehead,Wára,wara1294,Anta-Komnzo-Wára-Wérè-Kémä,tci,Papunesia,-8.64917,141.52,Yam,619,
kancha,Kánchá,kunj1246,Kánchá,pep,Papunesia,-8.92289,141.424,Yam,620,
ranmo,Ránmo,blaf1238,Mblafe-Ránmo,bfh,Papunesia,-8.56161,141.226,Yam,621,
nama,Nama,nama1266,Nama (Papua New Guinea),nmx,Papunesia,-8.66403,141.706,Yam,622,
dre,Dre,dree1234,Dre,,Papunesia,-8.5,141.68,Yam,623,
namo-tais,Namo,namo1246,Namo,mxw,Papunesia,-9.12416,141.824,Yam,624,Tais
keo-udiworowatu,Keo,keoo1238,Kéo,xxk,Papunesia,-8.8704,121.256,Austronesian,625,Udiworowatu
indonesian-standard,Indonesian,indo1316,Standard Indonesian,ind,Papunesia,-7.33458,109.716,Austronesian,626,Standard
ngiti-icr-lb,Ngiti-ICR-LB,ngit1239,Ngiti,niy,Africa,1.30455,30.2242,Central Sudanic,627,
mundari-icr-lb,Mundari-ICR-LB,mund1320,Mundari,unr,Eurasia,23.03,85.85,Austroasiatic,628,
mekens-icr-lb,Mekens-ICR-LB,saki1248,Mekens,skf,South America,-13.054,-62.0927,Tupian,629,
ngiti_icr_wb,ngiti_ICR_WB,ngit1239,Ngiti,,Africa,1.30455,30.2242,Central Sudanic,630,
cora-icr-wb,Cora-ICR-WB,elna1235,El Nayar Cora,,North America,22.4099,-104.467,Uto-Aztecan,631,
mekens-icr-wb,Mekens-ICR-WB,saki1248,Mekens,skf,South America,-13.054,-62.0927,Tupian,632,
welsh-icr-kq,Welsh-ICR-KQ,wels1247,Welsh,cym,Eurasia,52.0,-4.0,Indo-European,633,
mundari-icr-kq,Mundari-ICR-KQ,mund1320,Mundari,unr,Eurasia,23.03,85.85,Austroasiatic,634,
cora-icr-kq,Cora - ICR - KQ,elna1235,El Nayar Cora,crn,North America,22.4099,-104.467,Uto-Aztecan,635,
cora_icr_tcc_2,cora_ICR_TCC_2,elna1235,El Nayar Cora,,North America,22.4099,-104.467,Uto-Aztecan,637,
mekens_icr_tcc,Mekens_ICR_TCC,saki1248,Mekens,skf,South America,-13.054,-62.0927,Tupian,638,
mundari_icr_tcc,Mundari_ICR_TCC,mund1320,Mundari,unr,Eurasia,23.03,85.85,Austroasiatic,639,
welsh-icr-ne,Welsh-ICR-NE,wels1247,Welsh,,Eurasia,52.0,-4.0,Indo-European,640,
burarra,Burarra,bura1267,Burarra,bvr,Australia,-12.3061,134.365,Maningrida,641,
ngiti_icr_tcc,ngiti_ICR_TCC,ngit1239,Ngiti,,Africa,1.30455,30.2242,Central Sudanic,642,
icr-welsh-rh,ICR-Welsh-RH,wels1247,Welsh,cym,Eurasia,52.0,-4.0,Indo-European,643,
burarra-icr-rh,Burarra-ICR-RH,bura1267,Burarra,bvr,Australia,-12.3061,134.365,Maningrida,644,
mekens-icr-rh,Mekens-ICR-RH,saki1248,Mekens,skf,South America,-13.054,-62.0927,Tupian,645,
cora-icr-ne,Cora-ICR-NE,elna1235,El Nayar Cora,,North America,22.4099,-104.467,Uto-Aztecan,646,
mpakwithi,Mpakwithi,angu1242,Anguthimri,awg,Australia,-12.395,141.755,Pama-Nyungan,647,
yadhaykenu,Yadhaykenu,yadh1237,Yadhaykenu,urf,Australia,-11.314,142.725,Pama-Nyungan,648,
gamilaraay,Gamilaraay,gami1243,Yuwaalaraay-Gamilaraay,kld,Australia,-29.9037,149.543,Pama-Nyungan,649,
malay-alor,Malay,alor1252,Alor Malay,,Papunesia,,,Austronesian,650,Alor
malay-kupang,Malay,kupa1239,Kupang Malay,mkn,Papunesia,-10.2526,123.63,Austronesian,651,Kupang
malay-ambon,Malay,ambo1250,Ambonese Malay,abs,Papunesia,-3.71342,128.184,Austronesian,652,Ambon
malay-north-moluccan,Malay,nort2828,North Moluccan Malay,max,Papunesia,-0.86437,128.323,Austronesian,653,North-Moluccan
malay-manado,Malay,mala1481,Manado Malay,xmm,Papunesia,1.48099,124.843,Austronesian,654,Manado
malay-banda,Malay,band1353,Banda Malay,bpq,Papunesia,-4.55565,129.905,Austronesian,655,Banda
malay-larantuka,Malay,lara1260,Larantuka Malay,lrt,Papunesia,-8.4746,122.7619,Austronesian,656,Larantuka
malay-papua,Malay,papu1250,Papuan Malay,pmy,Papunesia,-2.53482,139.651,Austronesian,657,Papua
kafoa,Kafoa,kafo1240,Kafoa,kpu,Papunesia,-8.36572,124.446,Timor-Alor-Pantar,658,
rongga,Rongga,rong1269,Rongga,ror,Papunesia,-8.84604,120.702,Austronesian,659,
neveei,Neve'ei,vinm1237,Neve'ei,vnm,Papunesia,-16.2253,167.427,Austronesian,660,
bukawa,Bukawa,buga1250,Bugawac,,Papunesia,-6.67519,147.32,Austronesian,661,
mpur,Mpur,mpur1239,Mpur,akc,Papunesia,-0.7489,133.166,Mpur,662,
numanggang,Numanggang,numa1254,Numanggang,nop,Papunesia,-6.39311,146.719,Nuclear Trans New Guinea,663,
wati-wati,Wati-Wati,wadi1260,Wadi Wadi,,Australia,,,Pama-Nyungan,664,
letyi-lejti,Letyi-Lejti,ladj1234,Ladji Ladji,,Australia,,,Pama-Nyungan,665,
cora-icr-lb,Cora-ICR-LB,elna1235,El Nayar Cora,crn,North America,22.4099,-104.467,Uto-Aztecan,666,
burarra-icr-lb,Burarra-ICR-LB,bura1267,Burarra,bvr,Australia,-12.3061,134.365,Maningrida,667,
yir-yoront,Yir-Yoront,yiry1245,Yir-Yoront,yiy,Australia,-15.1117,141.767,Pama-Nyungan,668,
kuuk-thaayorre,Kuuk Thaayorre,thay1249,Thayore,,Australia,-14.8159,142.034,Pama-Nyungan,669,
guugu-yimidhirr,Guugu Yimidhirr,gugu1255,Guugu Yimidhirr,kky,Australia,-14.9424,144.831,Pama-Nyungan,670,
kuuku-yau,Kuuku Ya'u,kuuk1238,Kuuku-Ya'u,,Australia,-12.4947,143.165,Pama-Nyungan,671,
yidiny,Yidiny,yidi1250,Yidiñ,yii,Australia,-17.1332,145.876,Pama-Nyungan,672,
yei,Yei,yeii1239,Yei,jei,Papunesia,-7.87489,140.863,Yam,673,
achangxiandao,Achang-Xiandao,xian1249,Xiandao,,Eurasia,24.5458,97.9052,Sino-Tibetan,Achang-Xiandao xian1249.txt,
achterhoeks,Achterhoeks,acht1238,Achterhoeks,,Eurasia,52.021,6.47521,Indo-European,Achterhoeks acht1238.txt,
acoli,Acoli,acol1236,Acoli,,Africa,3.57738,32.5147,Nilotic,Acoli acol1236.txt,
adzera,Adzera,adze1240,Adzera,,Papunesia,-6.39394,146.294,Austronesian,Adzera adze1240.txt,
aguaruna,Aguaruna,agua1253,Aguaruna,,South America,-5.30044,-77.9218,Chicham,Aguaruna agua1253.txt,
ahom,Ahom,ahom1240,Ahom,,Eurasia,27.2778,88.464,Tai-Kadai,Ahom ahom1240.txt,
aimol,Aimol,aimo1244,Aimol,,Eurasia,24.6437,94.3556,Sino-Tibetan,Aimol aimo1244.txt,
ainu,Ainu,sakh1245,Sakhalin Ainu,,Eurasia,48.141866,142.329834,Ainu,Ainu sakh1245.txt,
aiton,Aiton,aito1238,Aiton,,Eurasia,26.5145,92.3169,Tai-Kadai,Aiton aito1238.txt,
ajie,Ajie,ajie1238,Ajië,,Papunesia,-21.3029,165.468,Austronesian,Ajie ajie1238.txt,
alyawarre,Alyawarre,alya1239,Alyawarr,,Australia,-21.0427,136.835,Pama-Nyungan,Alyawarre alya1239.txt,
antakarinya,Antakarinya,anta1253,Antakarinya,,Australia,-27.1152,134.838,Pama-Nyungan,Antakarinya anta1253.txt,
assamese,Assamese,assa1263,Assamese,,Eurasia,26.0876,91.2932,Indo-European,Assamese assa1263.txt,
asuri,Asuri,asur1254,Asuri,,Eurasia,21.5721,83.4562,Austroasiatic,Asuri asur1254.txt,
ayiwo,Ayiwo,ayiw1239,Äiwoo,,Papunesia,-10.282595,166.328715,Austronesian,Ayiwo ayiw1239.txt,
basay,Basay,basa1287,Basay,,Papunesia,25.0046,121.857,Austronesian,Basay basa1287.txt,
bikol,Bikol,biko1240,Bikol,,,,,Austronesian,Bikol biko1240.txt,
bonan,Bonan,bona1250,Bonan,,Eurasia,35.515,102.01778,Mongolic-Khitan,Bonan bona1250.txt,
bugotu,Bugotu,bugh1239,Bughotu,,Papunesia,-8.47948,159.802,Austronesian,Bugotu bugh1239.txt,
buli,Buli,buli1256,Buli,,Papunesia,,,Austronesian,Buli buli1256.txt,
bunong,Bunong,buno1240,Bunong,,Eurasia,,,Austroasiatic,Bunong buno1240.txt,
buru,Buru,buru1303,Buru (Indonesia),,Papunesia,-3.43957,126.632,Austronesian,Buru buru1303.txt,
centralnicobarese,Central Nicobarese,cent1990,Central Nicobarese,,Eurasia,7.94812,93.3921,Austroasiatic,Central Nicobarese cent1990.txt,
centralsierramiwok,Central Sierra Miwok,cent2140,Central Sierra Miwok,,North America,38.0812,-120.257,Miwok-Costanoan,Central Sierra Miwok cent2140.txt,
chrau,Chrau,chra1242,Chrau,,Eurasia,10.8021,107.293,Austroasiatic,Chrau chra1242.txt,
dagur,Dagur,daur1238,Dagur,,Eurasia,48.0,124.0,Mongolic-Khitan,Dagur daur1238.txt,
darkhat,Darkhat,dark1243,Darkhat,,Eurasia,50.623,99.4449,Mongolic-Khitan,Darkhat dark1243.txt,
dongxiang,Dongxiang,dong1285,Dongxiang,,Eurasia,35.66354,103.38952,Mongolic-Khitan,Dongxiang dong1285.txt,
dyirbal,Dyirbal,dyir1250,Dyirbal,,Australia,-17.4516,145.544,Pama-Nyungan,Dyirbal dyir1250.txt,
eastyugur,East Yugur,east2337,East Yugur,,Eurasia,38.83687,99.61725,Mongolic-Khitan,East Yugur east2337.txt,
futunaaniwa,Futuna-Aniwa,futu1245,Futuna-Aniwa,,Papunesia,-19.5303,170.215,Austronesian,Futuna-Aniwa futu1245.txt,
giramay,Giramay,girr1240,Girramy,,Australia,,,Pama-Nyungan,Giramay girr1240.txt,
gorumparenga,Gorum-Parenga,pare1266,Gorum-Parenga,,Eurasia,19.075,83.9723,Austroasiatic,Gorum-Parenga pare1266.txt,
hawaiian,Hawaiian,hawa1245,Hawaiian,,Papunesia,19.6297,-155.43,Austronesian,Hawaiian hawa1245.txt,
hoava,Hoava,hoav1238,Hoava,,Papunesia,-8.19679,157.595,Austronesian,Hoava hoav1238.txt,
hupdownriver,Hup downriver,hupd1244,Hup,,South America,0.58622,-69.8359,Naduhup,Hup downriver hupy1235.txt,
hupumarinorte,Hup umari norte,hupd1244,Hup,,South America,0.58622,-69.8359,Naduhup,Hup umari norte hupy1235.txt,
iloko,Iloko,ilok1237,Iloko,,Papunesia,15.9361,120.993,Austronesian,Iloko ilok1237.txt,
jad,Jad,jadd1243,Jad,,Eurasia,30.241,79.153,Sino-Tibetan,Jad jadd1243.txt,
jadgali,Jadgali,jadg1238,Jadgali,,Eurasia,26.9682,63.535,Indo-European,Jadgali jadg1238.txt,
jaunsari,Jaunsari,jaun1243,Jaunsari,,Eurasia,30.5587,77.9084,Indo-European,Jaunsari jaun1243.txt,
jinhgpaw,Jinhgpaw,nort3288,Northwestern Jinghpaw,,Eurasia,,,Sino-Tibetan,Jinhgpaw nort3288.txt,
kilivila,Kilivila,kili1267,Kilivila,,Papunesia,-8.72574,151.072,Austronesian,Kilivila kili1267.txt,
kusaghe,Kusaghe,kusa1251,Kusaghe-Njela,,Papunesia,-8.04056,157.463,Austronesian,Kusaghe kusa1251.txt,
lemetingbelait,Lemeting (Belait),bela1260,Lemeting,,Papunesia,4.96207,114.933,Austronesian,Lemeting (Belait) bela1260.txt,
motu,Motu,motu1246,Motu,,Papunesia,-9.67492,147.424,Austronesian,Motu motu1246.txt,
phake,Phake,phak1238,Phake,,Eurasia,27.8197,95.8131,Tai-Kadai,Phake phak1238.txt,
shinekhanburyat,Shinekhan Buryat,chin1476,China Buriat,,Eurasia,48.7593,117.786,Mongolic-Khitan,Shinekhan Buryat chin1476.txt,
westernbukidnonmanabo,Western Bukidnon Manabo,west2555,Western Bukidnon Manobo,,Papunesia,7.6682,124.825,Austronesian,Western Bukidnon Manabo west2555.txt,
windesi,Windesi,wind1244,Windesi,,Papunesia,,,Austronesian,Windesi wind1244.txt,
woleaian,Woleaian,wole1240,Woleaian,,Papunesia,7.37957,143.916,Austronesian,Woleaian wole1240.txt,
wolio,Wolio,woli1241,Wolio,,Papunesia,-5.33,122.67,Austronesian,Wolio woli1241.txt,
yuracare,Yuracare,yura1255,Yuracaré,,South America,-16.7479,-65.1224,Yuracaré,Yuracare yura1255.txt,
barungakriol,Kriol,krio1252,Kriol,,Australia,-18.135,137.669,Indo-European,Barunga Kriol krio1252.txt,Barunga
